"Canada Mortgage and Housing Corporation, average rents for areas with a population of 10,000 and over 1 2 3"
"Frequency: Annual"
"Table: 34-10-0133-01 (formerly CANSIM 027-0040)"
"Release date: 2022-02-21"
"Geography: Census subdivision, Census metropolitan area, Census agglomeration, Census metropolitan area part, Census agglomeration part"
""
""

"Type of structure","Row and apartment structures of three units and over",,,,,,,,,,,,,,,,,,,,,,,,,,,,,,,,,"Row structures of three units and over",,,,,,,,,,,,,,,,,,,,,,,,,,,,,,,,,"Apartment structures of three units and over",,,,,,,,,,,,,,,,,,,,,,,,,,,,,,,,
"Type of unit","One bedroom units",,,,,,,,,,,"Two bedroom units",,,,,,,,,,,"Three bedroom units",,,,,,,,,,,"One bedroom units",,,,,,,,,,,"Two bedroom units",,,,,,,,,,,"Three bedroom units",,,,,,,,,,,"One bedroom units",,,,,,,,,,,"Two bedroom units",,,,,,,,,,,"Three bedroom units",,,,,,,,,,
"Geography","2011","2012","2013","2014","2015","2016","2017","2018","2019","2020","2021","2011","2012","2013","2014","2015","2016","2017","2018","2019","2020","2021","2011","2012","2013","2014","2015","2016","2017","2018","2019","2020","2021","2011","2012","2013","2014","2015","2016","2017","2018","2019","2020","2021","2011","2012","2013","2014","2015","2016","2017","2018","2019","2020","2021","2011","2012","2013","2014","2015","2016","2017","2018","2019","2020","2021","2011","2012","2013","2014","2015","2016","2017","2018","2019","2020","2021","2011","2012","2013","2014","2015","2016","2017","2018","2019","2020","2021","2011","2012","2013","2014","2015","2016","2017","2018","2019","2020","2021"
,"Dollars",,,,,,,,,,,,,,,,,,,,,,,,,,,,,,,,,,,,,,,,,,,,,,,,,,,,,,,,,,,,,,,,,,,,,,,,,,,,,,,,,,,,,,,,,,,,,,,,,,
"Bay Roberts, Newfoundland and Labrador","F","F","F","F","F","515","F","F","F","F","F","561","563","603","659","615","621","593","642","665","656","696","F","F","F","F","F","F","F","F","F","F","F","F","F","F","F","F","F","F","F","F","F","F","F","F","F","F","F","F","F","F","F","F","F","F","F","F","F","F","F","F","F","F","F","F","F","F","F","F","F","F","F","F","F","F","F","561","563","593","632","575","F","591","621","628","F","677","F","F","F","F","F","F","F","F","F","F","F"
"Corner Brook, Newfoundland and Labrador","503","521","551","574","582","610","610","612","632","643","654","584","610","705","739","733","756","760","759","771","813","814","734","738","795","769","798","835","858","821","870","829","857","F","F","F","F","F","F","F","F","F","F","F","F","F","F","F","F","F","F","F","F","F","F","F","F","F","F","F","F","F","F","F","F","F","507","527","556","574","582","610","610","612","632","643","654","584","610","706","743","733","756","760","759","774","813","814","737","740","798","776","798","813","843","821","818","829","854"
"Gander, Newfoundland and Labrador","F","533","567","571","581","594","600","584","628","627","611","F","642","680","687","709","718","732","727","761","761","796","663","684","696","694","721","732","754","771","771","782","F","F","F","F","F","F","F","F","F","F","F","F","F","842","860","858","880","893","902","871","924","893","1,036","F","F","F","F","F","F","F","F","F","F","F","F","533","567","571","581","594","600","584","628","627","611","F","596","638","645","660","668","683","681","698","709","698","663","684","696","694","721","732","754","771","771","782","F"
"Grand Falls-Windsor, Newfoundland and Labrador","528","535","543","594","604","623","616","633","655","654","637","677","696","716","745","756","768","757","765","797","799","800","590","608","629","684","719","698","718","727","776","798","789","F","F","F","F","F","F","F","F","F","F","F","784","826","813","771","849","861","828","838","872","869","871","573","589","613","677","718","683","710","719","773","795","770","520","533","543","594","604","623","620","633","655","654","641","646","659","683","736","721","729","724","733","759","762","759","F","F","F","F","F","F","749","773","F","F","905"
"St. John's, Newfoundland and Labrador","655","696","725","755","784","786","774","781","812","812","856","770","796","859","887","919","951","934","955","960","971","1,018","838","895","899","976","971","918","906","944","940","977","995","487","519","529","530","F","598","578","578","624","619","645","752","748","716","860","806","749","774","839","849","912","882","F","F","F","F","F","F","F","F","F","F","F","666","709","739","770","798","799","786","791","823","823","873","771","798","864","888","923","958","941","961","966","974","1,026","819","854","870","930","902","888","871","895","903","937","957"
"Charlottetown, Prince Edward Island","602","632","649","672","685","704","734","755","780","820","836","762","804","805","837","834","876","911","937","962","1,013","1,119","928","972","985","972","990","1,015","1,040","1,059","1,110","1,163","1,201","F","F","F","F","F","F","F","F","F","F","F","780","855","832","863","927","961","1,110","1,186","1,301","1,421","1,453","949","990","1,001","996","1,020","1,061","1,054","1,091","1,150","1,188","1,231","602","631","649","671","685","703","733","755","779","819","836","761","803","804","836","830","872","901","921","937","978","1,088","906","952","969","947","966","970","1,022","1,025","1,070","1,121","1,167"
"Summerside, Prince Edward Island","485","495","515","556","592","590","607","796","719","697","732","678","717","735","756","773","782","810","842","860","889","912","707","720","740","762","774","771","783","778","800","809","816","382","390","406","478","512","491","498","510","492","535","545","726","772","805","845","915","914","941","944","928","978","967","705","716","732","759","776","765","780","760","777","788","785","524","534","555","581","614","620","633","860","772","748","788","671","707","722","737","734","744","772","808","837","859","897","714","735","772","775","765","793","798","837","873","872","943"
"Cape Breton, Nova Scotia","548","580","593","606","601","611","615","625","684","690","715","685","712","724","741","750","744","773","775","809","807","835","883","826","890","953","1,074","950","962","969","999","1,077","1,231","F","F","F","F","F","F","F","F","F","F","F","619","720","765","763","767","829","913","738","856","882","F","F","F","F","F","F","F","F","F","F","F","F","547","580","595","607","601","612","616","626","675","694","721","686","712","722","740","749","739","765","777","806","802","834","883","826","890","953","1,074","950","962","969","999","1,077","1,231"
"Chester, Nova Scotia","F","F","F","F","F","F","F","F","F","F","F","F","F","F","F","F","F","F","F","F","F","F","F","F","F","F","F","F","F","F","F","F","F","F","F","F","F","F","F","F","F","F","F","F","F","F","F","F","F","F","F","F","F","F","F","F","F","F","F","F","F","F","F","F","F","F","F","F","F","F","F","F","F","F","F","F","F","F","F","F","F","F","F","F","F","F","F","F","F","F","F","F","F","F","F","F","F","F","F"
"East Hants, Nova Scotia","567","537","554","635","650","675","680","676","729","760","835","788","767","784","831","840","911","877","945","1,004","1,046","1,128","701","754","743","739","847","884","884","901","887","F","F","F","F","F","F","F","F","F","F","F","F","F","F","F","875","1,000","874","928","965","1,063","1,112","1,227","1,307","F","F","F","F","F","F","F","F","F","F","F","567","537","554","635","650","675","680","676","729","745","819","784","762","776","817","836","909","867","928","980","1,015","1,089","701","754","743","739","847","884","884","901","887","F","F"
"Halifax, Nova Scotia","752","773","784","800","833","846","881","904","960","1,015","1,085","925","953","976","1,005","1,048","1,063","1,109","1,156","1,202","1,254","1,334","1,179","1,186","1,235","1,270","1,292","1,290","1,320","1,362","1,393","1,458","1,569","688","727","698","666","872","1,028","814","893","1,003","896","F","869","895","1,039","945","1,061","1,090","1,091","1,200","1,216","1,204","1,075","1,141","1,118","1,210","1,310","1,256","1,320","1,444","1,447","1,428","1,501","1,622","753","773","785","800","833","845","881","904","959","1,016","1,084","925","954","976","1,005","1,048","1,063","1,109","1,156","1,202","1,255","1,335","1,182","1,191","1,237","1,267","1,295","1,288","1,307","1,355","1,390","1,454","1,564"
"Lunenburg, Nova Scotia","F","F","F","F","F","F","F","F","F","F","F","F","F","F","F","F","F","F","F","F","F","F","F","F","F","F","F","F","F","F","F","F","F","F","F","F","F","F","F","F","F","F","F","F","F","F","F","F","F","F","F","F","F","F","F","F","F","F","F","F","F","F","F","F","F","F","F","F","F","F","F","F","F","F","F","F","F","F","F","F","F","F","F","F","F","F","F","F","F","F","F","F","F","F","F","F","F","F","F"
"New Glasgow, Nova Scotia","514","540","630","539","556","585","582","601","606","682","669","622","655","718","674","694","724","733","763","768","774","829","749","657","700","709","751","811","855","860","879","808","999","F","528","F","544","571","583","552","568","593","569","750","685","662","749","739","713","817","815","853","802","775","868","753","643","F","714","721","767","826","825","844","733","1,030","509","540","568","539","555","585","582","602","607","687","667","616","655","715","665","692","710","719","747","762","773","822","730","694","715","697","831","888","900","903","918","876","F"
"Queens, Nova Scotia","F","534","618","560","599","588","601","644","646","698","F","F","559","616","599","653","658","608","660","675","841","973","F","F","F","F","F","F","F","F","F","F","F","F","F","F","F","F","F","F","F","F","F","F","F","F","F","F","F","F","F","F","F","F","F","F","F","F","F","F","F","F","F","F","F","F","F","534","618","560","599","588","601","644","646","698","F","F","559","600","563","562","602","588","616","675","797","973","F","F","F","F","F","F","F","F","F","F","F"
"West Hants, Nova Scotia","F","F","F","F","F","F","F","F","F","F","F","F","F","F","F","F","F","658","F","F","F","F","F","F","F","F","F","F","F","F","F","F","F","F","F","F","F","F","F","F","F","F","F","F","F","F","F","F","F","F","F","F","F","F","F","F","F","F","F","F","F","F","F","F","F","F","F","F","F","F","F","F","F","F","F","F","F","F","F","F","F","F","F","658","F","F","F","F","F","F","F","F","F","F","F","F","F","F","F"
"Yarmouth, Nova Scotia","497","F","495","483","F","890","F","F","F","0","0","F","F","F","459","517","531","512","F","F","0","0","F","F","F","F","690","752","F","F","F","0","0","F","F","F","F","F","F","F","F","F","0","0","F","F","F","F","F","F","F","F","F","0","0","F","F","F","F","F","F","F","F","F","0","0","497","F","495","483","F","890","F","F","F","0","0","F","F","F","459","517","531","512","F","F","0","0","F","F","F","F","690","752","F","F","F","0","0"
"Bathurst, New Brunswick","452","461","474","453","504","467","501","493","526","522","583","555","582","591","570","622","629","601","636","644","717","752","543","574","587","598","682","631","593","698","758","739","778","F","F","F","F","545","F","F","F","F","F","F","594","632","662","F","667","F","F","F","728","826","755","F","F","F","F","F","F","F","F","F","F","F","451","460","471","450","502","459","493","493","522","518","582","552","579","585","557","618","612","583","631","635","701","751","537","569","582","607","687","631","593","698","762","743","779"
"Campbellton, New Brunswick part, New Brunswick/Quebec","439","439","447","452","463","474","489","500","521","537","559","542","555","557","565","576","588","594","626","614","645","667","666","660","656","787","626","657","689","876","860","931","1,014","F","F","F","F","F","F","F","F","F","F","F","F","F","F","F","F","F","F","F","F","F","F","F","F","F","F","F","F","F","F","F","F","F","439","439","447","452","463","474","489","500","521","537","559","542","555","557","565","576","588","594","626","614","645","667","666","660","656","787","626","657","689","876","860","931","1,014"
"Edmundston, New Brunswick","439","426","445","457","453","469","463","462","474","471","513","484","497","511","533","530","551","564","571","591","604","629","521","566","573","569","558","602","608","629","676","635","699","F","F","F","480","489","F","F","F","F","F","F","F","F","F","611","612","F","580","587","587","675","F","F","F","F","F","F","F","F","F","F","F","F","439","426","445","456","451","468","462","460","472","468","512","481","494","509","529","525","550","564","570","591","600","633","520","567","574","554","542","590","589","617","672","620","685"
"Fredericton, New Brunswick","637","651","657","684","687","701","717","752","786","814","873","755","782","796","819","837","853","887","912","963","986","1,059","1,005","1,036","1,005","1,044","1,057","1,080","1,107","1,187","1,233","1,272","1,321","F","F","F","F","F","1,049","F","1,134","F","F","1,250","930","975","977","977","961","1,082","1,094","1,170","1,182","1,089","1,231","1,024","1,044","1,109","1,056","1,037","1,101","F","1,673","1,655","1,644","1,634","637","651","656","684","687","697","710","747","780","815","868","745","771","785","809","829","837","871","894","948","979","1,047","1,004","1,035","1,000","1,044","1,058","1,079","1,087","1,134","1,187","1,217","1,281"
"Miramichi, New Brunswick","495","492","515","508","545","534","533","561","566","577","587","556","559","570","587","652","630","633","644","669","709","738","646","566","590","666","689","719","675","F","F","F","F","F","F","F","F","F","F","F","F","F","F","F","F","F","F","F","F","F","F","F","F","F","F","F","F","F","F","F","F","F","F","F","F","F","495","492","515","508","545","534","533","561","566","577","587","556","559","570","587","652","630","633","644","669","709","738","646","566","590","666","689","719","675","F","F","F","F"
"Moncton, New Brunswick","590","618","625","646","639","676","675","697","731","771","857","715","731","742","762","762","799","804","832","871","949","1,042","796","901","906","904","890","947","924","928","969","1,053","1,074","525","546","537","548","559","575","571","602","602","606","F","717","719","752","744","809","841","844","885","924","962","1,000","F","993","F","F","F","F","F","F","F","F","F","591","619","626","647","640","678","676","698","732","774","857","715","731","742","762","760","798","803","831","870","949","1,043","794","897","908","906","892","961","930","929","963","1,045","1,056"
"Saint John, New Brunswick","572","587","582","599","600","624","623","648","698","701","753","670","691","691","713","718","720","746","755","797","825","888","758","744","774","773","795","774","773","811","813","854","956","F","F","F","F","F","F","F","F","F","F","F","F","F","F","F","F","F","F","F","F","F","F","F","927","951","F","903","850","F","816","828","854","F","572","587","582","599","600","623","623","648","698","701","753","670","691","691","714","718","720","747","755","797","825","888","751","734","763","760","790","768","781","810","810","854","978"
"Alma, Quebec","394","383","392","395","396","407","406","411","419","429","424","474","479","489","499","500","511","521","523","541","558","572","513","516","524","540","541","541","554","547","570","586","596","F","F","F","F","F","F","F","F","F","F","F","F","F","F","F","F","F","F","F","F","F","F","F","F","F","F","F","F","F","F","F","F","F","394","383","392","395","396","407","406","411","419","429","424","473","478","489","499","500","511","521","523","541","558","572","513","513","524","535","541","541","551","547","565","583","590"
"Amos, Quebec","402","409","417","434","458","459","F","F","F","532","555","494","516","540","563","584","597","F","F","F","687","698","553","575","575","637","667","663","F","F","F","790","816","F","F","F","F","F","F","F","F","F","F","F","F","F","F","F","F","F","F","F","F","F","F","F","F","F","F","F","F","F","F","F","F","F","402","409","417","434","458","459","F","F","F","532","555","494","515","539","563","584","597","F","F","F","687","699","553","575","575","637","667","663","F","F","F","790","816"
"Baie-Comeau, Quebec","476","468","481","498","498","504","506","513","524","527","542","575","582","599","601","611","613","618","623","627","649","636","647","643","657","660","658","670","661","680","688","669","722","F","F","F","F","F","F","F","F","F","F","F","F","F","F","F","F","F","F","688","693","697","F","F","F","F","F","F","F","F","F","F","F","F","476","468","481","498","498","504","506","514","526","528","542","570","578","595","597","608","608","615","620","624","647","633","647","643","657","660","658","670","661","680","688","669","722"
"Campbellton, Quebec part, New-Brunswick/Quebec","F","F","F","F","F","F","F","F","F","F","F","F","F","F","F","F","F","F","F","F","F","F","F","F","F","F","F","F","F","F","F","F","F","F","F","F","F","F","F","F","F","F","F","F","F","F","F","F","F","F","F","F","F","F","F","F","F","F","F","F","F","F","F","F","F","F","F","F","F","F","F","F","F","F","F","F","F","F","F","F","F","F","F","F","F","F","F","F","F","F","F","F","F","F","F","F","F","F","F"
"Cowansville, Quebec","432","426","439","457","455","457","471","510","548","558","573","529","542","558","588","587","586","613","652","698","683","713","566","573","607","624","624","640","658","666","709","710","749","F","F","F","F","F","F","F","F","F","F","F","F","F","F","F","F","F","F","F","F","F","F","F","F","F","F","F","F","F","F","F","F","F","432","426","439","457","455","457","471","510","548","558","573","529","542","558","588","587","586","613","652","698","683","713","566","573","607","624","624","640","658","666","709","710","749"
"Dolbeau-Mistassini, Quebec","397","344","353","359","363","367","371","367","382","387","394","458","426","441","446","451","452","457","464","475","483","485","501","467","467","479","490","510","495","497","505","524","523","F","F","F","F","F","F","F","F","F","F","F","F","F","F","F","F","F","F","F","F","F","F","F","F","F","F","F","F","F","F","F","F","F","397","344","353","359","363","367","371","367","382","387","394","458","426","441","446","451","452","457","464","475","483","485","501","467","467","479","490","510","495","497","505","524","523"
"Drummondville, Quebec","482","458","478","477","492","497","502","510","534","564","564","542","545","553","558","575","580","592","620","638","675","688","610","609","631","647","659","659","684","690","749","761","835","F","F","F","F","F","F","F","F","F","F","F","F","634","F","F","F","646","647","609","611","604","F","650","641","638","654","691","673","691","681","692","707","762","482","458","478","477","492","497","502","510","534","564","564","542","545","553","558","575","580","592","620","638","675","689","610","609","631","647","659","659","684","690","749","762","836"
"Gaspé, Quebec","454","462","469","474","476","481","496","500","507","513","518","527","542","551","564","582","609","602","627","623","639","656","564","591","603","606","608","621","625","632","629","655","663","F","F","F","F","F","F","F","F","F","F","F","F","F","F","F","F","F","F","F","F","F","F","F","F","F","F","F","F","F","F","F","F","F","449","456","463","468","469","476","491","494","502","506","512","525","540","550","562","580","609","601","625","622","638","656","560","588","600","603","605","619","622","629","626","653","661"
"Ottawa-Gatineau, Quebec part, Ontario/Quebec","616","628","617","630","656","653","656","696","749","791","857","732","744","745","750","751","762","782","794","874","949","1,034","826","835","833","837","851","857","870","892","969","1,036","1,087","F","F","F","F","F","F","F","F","F","F","F","813","795","807","749","759","760","767","760","F","754","885","882","897","902","890","879","815","906","896","1,114","1,046","1,062","616","628","617","630","656","653","656","696","750","791","857","731","743","744","750","751","762","782","794","874","950","1,035","825","834","831","836","850","859","868","891","961","1,035","1,087"
"Granby, Quebec","486","504","504","532","539","549","572","552","579","586","606","587","588","611","625","629","642","642","666","698","708","766","648","692","699","733","737","762","773","804","885","886","912","F","F","F","F","F","F","F","F","F","F","F","F","F","F","F","F","F","F","F","F","F","F","F","F","F","F","F","F","1,090","1,081","1,099","1,066","F","486","504","504","532","539","549","571","552","580","586","607","587","588","611","625","629","642","641","666","698","708","766","648","692","700","733","737","761","770","801","883","885","908"
"La Tuque, Quebec","366","350","F","363","370","380","382","389","391","403","414","414","404","F","419","423","436","431","432","440","430","464","479","474","478","488","513","497","486","480","498","495","519","F","F","F","F","F","F","F","F","F","F","F","F","F","F","F","F","F","F","F","F","F","F","F","F","F","F","F","F","F","F","F","F","F","366","350","F","363","370","380","382","389","391","403","414","414","404","F","419","423","436","431","432","440","430","464","479","474","478","488","513","497","486","480","498","495","519"
"Lachute, Quebec","445","448","459","477","480","483","493","517","514","520","615","558","563","573","587","589","596","630","653","685","667","782","586","594","604","631","637","653","663","676","681","718","793","F","F","F","F","F","F","F","F","F","F","F","F","F","F","F","F","F","F","F","F","850","900","F","F","F","F","F","F","F","F","F","F","F","445","448","459","477","480","483","493","517","514","520","615","558","563","573","587","589","596","630","653","685","659","778","586","594","604","631","637","653","663","676","681","718","793"
"Les Îles-de-la-Madeleine, Quebec","514","530","521","551","542","545","557","551","583","592","593","602","589","575","598","613","605","634","631","661","648","690","721","763","715","755","765","772","822","782","778","787","806","F","F","F","F","F","F","F","F","F","F","F","F","F","F","F","F","F","F","F","F","F","F","F","F","F","F","F","F","F","F","F","F","F","514","530","521","551","542","545","557","551","583","592","593","602","589","575","598","613","605","634","631","661","648","690","721","763","715","755","765","772","822","782","778","787","806"
"Matane, Quebec","434","438","448","458","463","465","468","469","481","486","501","527","538","543","557","554","558","566","569","584","590","597","552","577","588","596","587","588","614","611","609","626","638","F","F","F","F","F","F","F","F","F","F","F","F","F","F","F","F","F","F","F","F","F","F","F","F","F","F","F","F","F","F","F","F","F","434","438","448","458","463","465","468","469","481","486","501","527","538","543","557","554","558","566","569","584","590","597","552","577","588","596","587","588","614","611","609","626","638"
"Mont-Laurier, Quebec","422","417","424","425","430","438","446","456","457","468","482","505","505","517","522","529","541","551","562","575","583","607","558","554","567","575","579","587","590","607","621","650","657","F","F","F","F","F","F","F","F","F","F","F","F","F","F","F","F","F","F","F","F","F","F","F","F","F","F","F","F","F","F","F","F","F","422","417","424","425","430","438","446","456","457","468","482","505","505","517","522","529","541","551","562","575","583","607","558","554","567","575","579","587","590","607","621","650","657"
"Montmagny, Quebec","434","436","436","442","450","457","463","473","491","496","513","522","529","527","529","531","560","598","579","612","644","640","547","532","538","558","570","586","558","601","673","685","654","F","F","F","F","F","F","F","F","F","F","F","F","F","F","F","F","F","F","F","F","F","F","F","F","F","F","F","F","F","F","F","F","F","434","436","436","442","450","457","463","473","491","496","513","522","529","527","529","531","560","598","579","612","644","640","547","532","538","558","570","586","558","601","673","685","654"
"Montréal, Quebec","641","637","651","655","668","679","698","720","754","810","821","719","711","730","739","760","791","782","809","856","903","932","868","876","879","898","953","958","966","1,009","1,072","1,113","1,146","659","722","634","692","712","685","819","698","679","814","780","823","937","890","842","900","896","838","958","949","1,012","1,027","1,282","1,195","1,213","1,045","1,302","1,284","1,205","1,353","1,281","1,228","1,356","641","637","651","655","668","679","698","720","754","810","821","719","711","730","739","760","791","782","809","855","903","932","865","875","878","898","952","956","965","1,007","1,070","1,112","1,144"
"Pembroke, Quebec part, Ontario/Quebec (Terminated)","..t","..t","..t","..t","..t","..t","..t","..t","..t","..t","..t","..t","..t","..t","..t","..t","..t","..t","..t","..t","..t","..t","..t","..t","..t","..t","..t","..t","..t","..t","..t","..t","..t","..t","..t","..t","..t","..t","..t","..t","..t","..t","..t","..t","..t","..t","..t","..t","..t","..t","..t","..t","..t","..t","..t","..t","..t","..t","..t","..t","..t","..t","..t","..t","..t","..t","..t","..t","..t","..t","..t","..t","..t","..t","..t","..t","..t","..t","..t","..t","..t","..t","..t","..t","..t","..t","..t","..t","..t","..t","..t","..t","..t","..t","..t","..t","..t","..t","..t"
"Québec, Quebec","609","618","634","648","666","684","699","720","745","778","819","718","741","757","775","788","808","820","839","862","900","945","850","873","886","899","931","955","978","999","1,013","1,069","1,108","F","F","F","F","F","F","F","F","F","F","F","714","722","764","767","774","806","808","872","904","956","968","857","879","907","940","956","969","991","1,035","1,167","1,188","1,232","609","618","634","648","666","684","699","720","745","778","819","718","741","757","775","788","808","820","839","862","899","945","850","873","886","898","930","955","978","998","1,009","1,067","1,106"
"Rimouski, Quebec","503","516","F","533","527","540","538","545","556","560","585","631","651","F","678","671","668","679","684","680","705","696","682","697","700","713","715","713","735","752","765","808","855","F","567","F","593","F","F","F","F","617","633","F","596","660","F","601","724","768","577","738","627","682","786","698","746","711","718","785","763","773","825","836","831","879","502","515","F","532","526","539","537","545","556","559","584","632","650","F","680","670","667","681","683","681","705","694","682","694","700","713","711","712","735","750","764","807","854"
"Roberval, Quebec","383","369","379","387","377","394","391","397","402","395","407","457","459","467","478","483","491","499","499","509","520","522","511","520","552","539","543","562","596","574","592","573","595","F","F","F","F","F","F","F","F","F","F","F","F","F","F","F","F","F","F","F","F","F","F","F","F","F","F","F","F","F","F","F","F","F","383","369","379","387","377","394","391","397","402","395","407","455","456","464","475","480","487","496","496","509","519","522","511","520","552","539","543","562","596","574","592","573","595"
"Rouyn-Noranda, Quebec","439","443","447","462","470","486","494","508","525","561","562","532","546","558","578","603","617","629","646","681","721","771","619","632","647","664","677","688","694","727","741","797","775","F","F","F","F","F","F","F","F","F","F","F","F","F","F","F","F","F","F","F","F","F","F","F","F","F","F","F","F","F","F","F","F","F","439","443","447","462","470","486","494","508","525","561","562","532","546","558","578","603","617","629","646","681","721","771","613","632","647","664","677","688","694","727","741","797","775"
"Saint-Félicien, Quebec","388","380","389","396","404","409","417","424","430","434","443","470","514","484","491","509","516","522","543","571","580","592","514","582","529","584","532","559","551","586","609","641","645","F","F","F","F","F","F","F","F","F","F","F","F","F","F","F","F","F","F","F","F","F","F","F","F","F","F","F","F","F","F","F","F","F","388","380","389","396","404","409","417","424","430","434","443","470","514","484","491","509","516","522","543","571","580","592","514","582","529","584","532","559","551","586","609","641","645"
"Saint-Georges, Quebec","399","391","390","399","406","415","416","435","446","458","475","486","488","490","500","506","516","532","544","560","582","593","499","492","486","499","520","545","540","562","591","584","643","F","F","F","F","F","F","F","F","F","F","F","512","518","518","F","F","F","F","F","F","F","F","F","F","F","F","F","F","F","F","F","F","F","399","391","390","399","406","415","416","435","446","458","475","486","488","490","500","506","515","532","544","560","582","593","497","489","483","496","517","541","538","560","589","582","642"
"Saint-Jean-sur-Richelieu, Quebec","497","481","594","503","521","539","F","F","F","0","0","594","611","630","631","643","673","F","F","F","0","0","695","676","700","678","693","699","F","F","F","0","0","F","F","F","F","F","F","F","F","F","0","0","F","F","F","F","F","F","F","F","F","0","0","701","709","711","759","783","811","F","F","F","0","0","497","481","594","503","521","539","F","F","F","0","0","594","611","630","631","643","673","F","F","F","0","0","694","675","699","677","691","697","F","F","F","0","0"
"Saint-Jérôme, Quebec (Terminated)","..t","..t","..t","..t","..t","..t","..t","..t","..t","..t","..t","..t","..t","..t","..t","..t","..t","..t","..t","..t","..t","..t","..t","..t","..t","..t","..t","..t","..t","..t","..t","..t","..t","..t","..t","..t","..t","..t","..t","..t","..t","..t","..t","..t","..t","..t","..t","..t","..t","..t","..t","..t","..t","..t","..t","..t","..t","..t","..t","..t","..t","..t","..t","..t","..t","..t","..t","..t","..t","..t","..t","..t","..t","..t","..t","..t","..t","..t","..t","..t","..t","..t","..t","..t","..t","..t","..t","..t","..t","..t","..t","..t","..t","..t","..t","..t","..t","..t","..t"
"Saint-Lin--Laurentides, Quebec","448","462","467","509","504","500","F","F","F","0","0","621","627","659","699","712","714","F","F","F","0","0","727","716","731","756","747","759","F","F","F","0","0","F","F","F","F","F","F","F","F","F","0","0","F","F","F","F","F","F","F","F","F","0","0","F","F","F","F","F","F","F","F","F","0","0","448","462","467","509","504","500","F","F","F","0","0","621","627","659","699","712","714","F","F","F","0","0","727","716","731","756","747","759","F","F","F","0","0"
"Sainte-Adèle, Quebec","530","514","517","509","527","564","581","591","592","622","623","611","641","618","624","635","665","687","714","711","735","802","696","671","652","678","733","695","715","731","734","742","782","F","F","F","F","F","F","F","F","F","F","F","F","F","F","F","F","F","F","F","F","F","F","F","F","F","F","F","F","F","F","F","F","F","530","514","517","509","527","564","581","591","592","622","623","611","641","618","624","635","665","687","714","711","735","802","696","671","652","678","733","695","715","731","734","742","782"
"Sainte-Marie, Quebec","392","398","407","429","422","439","439","441","472","522","562","528","542","550","559","569","569","585","591","613","652","706","561","582","584","606","628","619","638","655","677","759","806","F","F","F","F","F","F","F","F","F","F","F","F","F","F","F","F","F","F","F","F","F","F","F","F","F","F","F","F","F","F","F","F","F","392","398","407","429","422","439","439","441","472","522","562","528","542","550","559","569","569","585","591","613","652","706","561","582","584","606","628","619","638","655","677","759","806"
"Sept-Îles, Quebec","505","518","549","554","574","565","559","574","584","595","605","595","613","654","673","687","680","698","699","704","723","736","674","690","707","771","795","741","822","833","783","846","859","F","F","F","F","F","F","F","F","F","F","F","F","F","F","F","F","F","F","F","F","F","F","F","F","F","F","F","F","F","F","F","F","F","505","518","549","554","574","565","559","574","584","595","605","594","612","653","670","684","680","696","696","704","721","734","653","669","687","718","737","741","757","768","783","795","797"
"Shawinigan, Quebec","380","370","365","376","376","381","391","396","398","403","429","460","439","455","465","465","477","481","490","508","497","552","496","473","489","486","503","509","504","516","537","537","559","F","F","F","F","F","F","F","F","F","F","F","575","581","579","589","599","608","617","617","635","F","579","484","490","527","539","522","539","568","573","595","F","F","380","370","365","376","376","381","391","396","398","403","429","459","439","454","464","465","476","480","489","507","496","551","497","472","488","485","502","509","503","515","536","537","559"
"Sherbrooke, Quebec","462","466","471","485","486","502","508","514","528","552","597","577","579","591","604","608","622","631","639","658","671","727","702","710","713","727","735","764","774","758","811","848","926","F","F","F","F","F","F","F","F","F","F","F","635","639","651","650","675","678","678","676","661","684","707","667","683","686","697","690","752","679","711","704","950","741","462","466","471","485","486","502","508","514","528","552","597","577","578","591","604","608","622","631","639","658","671","727","702","710","713","727","735","764","774","758","811","848","926"
"Sorel-Tracy, Quebec","445","467","438","452","444","446","457","454","484","507","537","506","518","527","541","533","554","567","590","610","633","663","571","576","589","598","611","624","640","639","661","685","762","F","F","F","F","F","F","F","F","F","F","F","563","F","578","F","570","F","F","636","639","595","598","F","F","F","F","F","F","F","F","F","F","F","446","467","438","452","444","446","457","454","484","508","538","506","519","526","541","533","554","567","589","610","633","663","571","576","589","598","611","624","640","639","661","685","762"
"Trois-Rivières, Quebec","446","440","439","444","459","469","477","476","507","506","533","548","550","555","569","582","588","594","601","626","622","659","602","609","607","607","620","632","646","654","667","692","734","F","F","F","F","F","F","F","F","F","F","F","668","668","577","662","683","699","691","692","756","782","793","F","F","760","786","794","798","833","F","F","962","1,009","446","440","439","444","459","469","477","476","507","506","533","547","550","555","568","581","587","594","601","625","621","658","602","609","607","606","620","631","646","654","667","690","733"
"Victoriaville, Quebec","409","415","418","415","420","418","448","456","487","506","519","498","509","518","509","529","525","541","570","579","640","670","596","590","588","599","598","613","631","635","659","691","688","F","F","F","F","F","F","F","F","F","F","F","F","F","F","F","F","F","F","F","F","F","F","F","F","F","F","F","F","F","F","F","F","F","409","415","418","415","420","418","448","456","487","506","519","498","509","518","509","529","525","541","570","579","640","670","596","590","588","599","598","613","631","635","659","691","688"
"Barrie, Ontario","884","893","915","984","1,005","1,011","1,035","1,141","1,161","1,191","1,286","995","1,041","1,051","1,110","1,169","1,155","1,198","1,328","1,337","1,396","1,502","1,120","1,210","1,247","1,268","1,290","1,366","1,418","1,466","1,615","1,576","1,639","F","F","F","F","F","F","F","F","F","F","F","835","1,126","1,100","849","1,195","1,229","968","1,284","F","1,467","F","1,118","1,194","1,214","1,251","1,282","1,350","1,420","1,460","1,523","1,513","1,666","884","883","908","986","1,006","1,012","1,035","1,141","1,161","1,187","1,286","1,001","1,037","1,048","1,118","1,167","1,150","1,205","1,331","1,336","1,393","1,502","1,126","1,233","1,296","1,305","1,299","1,387","1,415","1,472","1,728","1,646","1,592"
"Bracebridge, Ontario","758","777","800","779","788","787","796","853","887","886","905","853","899","865","897","945","947","986","953","1,135","1,176","1,195","969","F","F","F","F","F","1,229","F","F","1,336","F","F","F","F","F","F","F","F","F","F","F","F","F","F","F","F","F","F","F","F","F","F","F","F","F","F","F","F","F","F","F","F","F","F","761","778","800","780","788","790","799","857","887","886","905","855","899","865","897","945","948","987","954","1,135","1,176","1,195","F","F","F","F","F","F","1,229","F","F","1,336","F"
"Brantford, Ontario","726","728","752","782","779","833","867","900","971","1,050","1,116","800","833","848","866","883","916","963","1,006","1,044","1,115","1,207","951","898","1,038","1,048","1,081","1,138","1,196","1,171","1,196","1,320","1,288","F","F","F","F","F","F","F","F","F","F","F","889","780","990","968","1,010","1,002","1,055","1,041","1,127","1,277","1,248","977","896","1,133","1,159","1,194","1,184","1,262","1,277","1,259","1,453","1,349","726","728","752","782","779","833","867","900","971","1,050","1,116","792","838","835","855","870","908","955","1,002","1,037","1,102","1,203","900","900","934","946","950","1,090","1,135","1,070","1,115","1,178","1,231"
"Brighton, Ontario","622","627","659","F","661","727","659","752","856","F","F","705","746","751","725","829","782","846","861","915","936","1,034","F","F","F","F","F","F","F","F","F","F","F","F","F","F","F","F","F","F","F","F","F","F","F","F","F","F","F","F","F","F","F","F","F","F","F","F","F","F","F","F","F","F","F","F","622","627","659","F","661","727","659","752","856","F","F","705","746","751","725","829","782","846","861","915","936","1,034","F","F","F","F","F","F","F","F","F","F","F"
"Brock, Ontario","644","677","697","857","725","803","823","862","871","919","888","777","747","804","864","826","886","930","927","1,009","1,008","909","F","F","F","F","F","F","F","F","F","F","F","F","F","F","F","F","F","F","F","F","F","F","F","F","F","F","F","F","F","F","F","F","F","F","F","F","F","F","F","F","F","F","F","F","644","677","697","857","725","803","823","862","871","919","888","777","747","804","864","826","886","930","927","1,009","1,008","909","F","F","F","F","F","F","F","F","F","F","F"
"Brockville, Ontario","645","661","692","702","708","759","744","759","785","871","872","758","774","799","823","837","875","857","881","917","979","1,022","836","823","834","889","952","959","923","904","922","963","1,148","630","652","645","F","680","701","F","F","F","F","F","779","793","826","849","865","907","931","F","1,038","F","F","1,007","942","F","F","F","F","F","F","F","F","F","645","662","694","704","710","761","744","761","786","872","879","758","774","798","822","836","874","854","879","912","972","1,024","802","801","797","846","921","920","921","886","926","961","1,154"
"Cornwall, Ontario","591","600","610","623","631","665","691","684","711","748","795","700","724","746","764","779","770","833","822","872","900","980","763","769","809","820","829","845","911","914","1,014","999","1,160","F","F","F","F","F","F","F","F","F","F","F","717","741","824","653","850","696","680","995","1,021","681","957","872","820","875","848","973","915","989","1,030","1,234","1,118","1,397","592","600","610","623","631","665","691","684","712","748","795","700","724","745","765","778","771","835","818","870","903","981","739","759","796","813","799","826","890","886","963","965","1,087"
"Dunnville, Ontario (Terminated)","..t","..t","..t","..t","..t","..t","..t","..t","..t","..t","..t","..t","..t","..t","..t","..t","..t","..t","..t","..t","..t","..t","..t","..t","..t","..t","..t","..t","..t","..t","..t","..t","..t","..t","..t","..t","..t","..t","..t","..t","..t","..t","..t","..t","..t","..t","..t","..t","..t","..t","..t","..t","..t","..t","..t","..t","..t","..t","..t","..t","..t","..t","..t","..t","..t","..t","..t","..t","..t","..t","..t","..t","..t","..t","..t","..t","..t","..t","..t","..t","..t","..t","..t","..t","..t","..t","..t","..t","..t","..t","..t","..t","..t","..t","..t","..t","..t","..t","..t"
"Elliot Lake, Ontario","476","499","518","524","532","542","550","500","586","680","F","545","570","587","595","602","601","617","584","651","747","729","595","608","634","665","676","668","719","656","741","932","F","F","F","F","F","F","F","F","F","F","F","F","535","551","F","F","F","F","F","F","F","F","F","F","F","F","F","F","F","F","F","F","F","F","476","499","518","524","532","542","550","500","586","680","F","545","571","587","595","603","601","616","584","651","743","729","639","645","664","720","720","706","772","646","778","955","F"
"Essex, Ontario","564","575","581","655","703","701","663","674","F","F","F","666","668","665","688","711","740","727","734","855","775","808","F","F","F","F","F","F","F","F","F","F","F","539","536","540","F","F","F","F","F","F","F","F","639","643","644","657","657","675","694","694","831","713","F","F","F","F","F","F","F","F","F","F","F","F","579","598","605","674","726","732","659","F","F","F","F","685","686","679","710","758","792","754","769","863","818","884","F","F","F","F","F","F","F","F","F","F","F"
"Fergus, Ontario (Terminated)","..t","..t","..t","..t","..t","..t","..t","..t","..t","..t","..t","..t","..t","..t","..t","..t","..t","..t","..t","..t","..t","..t","..t","..t","..t","..t","..t","..t","..t","..t","..t","..t","..t","..t","..t","..t","..t","..t","..t","..t","..t","..t","..t","..t","..t","..t","..t","..t","..t","..t","..t","..t","..t","..t","..t","..t","..t","..t","..t","..t","..t","..t","..t","..t","..t","..t","..t","..t","..t","..t","..t","..t","..t","..t","..t","..t","..t","..t","..t","..t","..t","..t","..t","..t","..t","..t","..t","..t","..t","..t","..t","..t","..t","..t","..t","..t","..t","..t","..t"
"Gravenhurst, Ontario","710","728","737","705","785","776","807","832","859","861","1,025","899","866","870","899","924","909","929","1,000","1,002","1,040","1,105","F","F","988","1,058","F","1,049","F","F","1,114","1,115","F","F","F","F","F","F","F","F","F","F","F","F","F","F","F","F","F","F","F","F","F","F","F","F","F","F","F","F","F","F","F","F","F","F","710","728","737","705","785","776","807","832","859","861","1,025","903","866","881","899","921","905","929","980","1,002","1,045","1,115","F","F","988","1,058","F","1,049","F","F","1,114","1,115","F"
"Guelph, Ontario","797","829","842","868","898","952","980","1,034","1,145","1,211","1,277","908","946","961","992","1,030","1,080","1,128","1,163","1,285","1,367","1,436","1,129","1,161","1,177","1,202","1,207","1,249","1,305","1,336","1,412","1,603","1,466","F","F","F","F","F","F","F","F","F","F","F","1,081","1,038","1,050","1,068","1,095","1,127","1,210","1,284","1,348","1,638","1,412","1,176","1,197","1,216","1,231","1,232","1,292","1,365","1,375","1,435","1,728","1,472","797","829","842","868","898","952","980","1,034","1,145","1,212","1,277","903","941","957","988","1,027","1,078","1,124","1,157","1,282","1,356","1,436","1,036","1,078","1,099","1,146","1,160","1,172","1,200","1,264","1,368","1,383","1,456"
"Hamilton, Ontario","722","735","766","792","829","870","905","970","1,021","1,096","1,143","890","892","936","963","1,040","1,042","1,109","1,162","1,223","1,292","1,364","1,103","1,100","1,128","1,163","1,206","1,231","1,306","1,373","1,407","1,457","1,557","780","795","836","786","933","1,040","1,041","1,076","1,157","1,205","1,230","977","1,017","1,026","1,034","1,153","1,161","1,236","1,246","1,334","1,314","1,404","1,066","1,100","1,125","1,152","1,139","1,230","1,252","1,374","1,342","1,371","1,521","722","735","766","792","828","869","905","970","1,020","1,096","1,142","884","886","932","959","1,034","1,037","1,103","1,158","1,219","1,291","1,362","1,133","1,101","1,130","1,173","1,289","1,232","1,345","1,373","1,450","1,511","1,579"
"Kitchener-Cambridge-Waterloo, Ontario","752","773","811","817","850","871","916","1,019","1,041","1,073","1,131","889","906","951","974","996","1,046","1,087","1,202","1,223","1,287","1,349","1,015","1,031","1,086","1,089","1,139","1,352","1,258","1,250","1,285","1,398","1,742","798","784","824","860","851","847","891","978","919","963","1,017","893","882","936","965","978","984","1,004","1,079","1,092","1,140","1,224","1,021","1,009","1,046","1,071","1,122","1,178","1,200","1,245","1,267","1,345","1,405","751","773","810","815","850","872","917","1,021","1,045","1,076","1,134","889","908","952","975","997","1,050","1,093","1,210","1,231","1,295","1,356","1,010","1,053","1,127","1,106","1,154","1,480","1,291","1,254","1,300","1,435","1,959"
"London, Ontario","710","747","752","767","781","802","841","877","915","1,001","1,036","880","917","922","942","959","1,000","1,037","1,088","1,106","1,216","1,279","978","990","1,010","1,025","1,058","1,089","1,177","1,220","1,294","1,378","1,410","F","F","F","F","F","F","F","1,034","F","F","F","869","873","880","931","882","952","944","1,112","1,099","1,411","1,351","930","949","964","975","1,037","1,045","1,169","1,209","1,279","1,377","1,375","710","747","752","767","781","802","840","877","915","1,001","1,036","881","919","924","943","963","1,002","1,041","1,087","1,107","1,207","1,275","1,053","1,050","1,090","1,111","1,096","1,166","1,190","1,240","1,322","1,379","1,468"
"Midland, Ontario","687","709","732","753","748","764","779","860","908","929","996","795","815","837","860","856","877","928","1,013","1,064","1,076","1,177","919","967","959","882","956","F","880","1,045","1,110","1,136","F","F","F","F","F","F","F","F","F","F","F","F","F","F","F","F","F","F","F","F","F","F","F","F","F","F","F","F","F","F","F","F","F","F","687","709","732","753","748","764","779","860","908","929","996","795","815","837","860","855","877","928","1,013","1,066","1,074","1,177","919","967","959","882","846","F","880","1,045","1,117","1,046","F"
"Milton, Ontario (Terminated)","..t","..t","..t","..t","..t","..t","..t","..t","..t","..t","..t","..t","..t","..t","..t","..t","..t","..t","..t","..t","..t","..t","..t","..t","..t","..t","..t","..t","..t","..t","..t","..t","..t","..t","..t","..t","..t","..t","..t","..t","..t","..t","..t","..t","..t","..t","..t","..t","..t","..t","..t","..t","..t","..t","..t","..t","..t","..t","..t","..t","..t","..t","..t","..t","..t","..t","..t","..t","..t","..t","..t","..t","..t","..t","..t","..t","..t","..t","..t","..t","..t","..t","..t","..t","..t","..t","..t","..t","..t","..t","..t","..t","..t","..t","..t","..t","..t","..t","..t"
"Norfolk, Ontario","571","585","607","644","636","633","674","736","737","765","828","629","640","635","654","668","683","748","732","777","779","867","763","708","F","819","869","F","F","912","F","F","F","F","F","F","F","F","F","F","F","F","F","F","F","F","F","F","F","F","F","F","F","F","F","F","F","F","F","F","F","F","F","F","F","F","571","585","607","644","636","633","674","736","737","765","828","628","642","635","654","669","683","749","733","781","779","869","763","708","F","819","869","F","F","912","F","F","F"
"North Bay, Ontario","658","673","712","704","743","748","758","771","804","832","859","802","846","863","881","905","914","921","963","993","1,030","1,059","904","915","968","986","980","1,039","1,048","1,074","1,122","1,135","1,206","F","F","F","F","F","F","F","F","F","F","F","800","839","824","940","F","F","F","962","988","1,006","F","884","868","920","926","900","983","1,003","1,008","1,110","1,104","1,110","659","675","713","707","743","748","759","773","805","833","862","802","847","866","878","905","912","919","964","993","1,032","1,057","946","973","1,031","1,060","1,080","1,124","1,134","1,177","1,135","1,183","1,367"
"Oshawa, Ontario","819","839","874","886","906","982","1,037","1,167","1,171","1,182","1,268","941","940","986","1,012","1,037","1,112","1,182","1,248","1,270","1,354","1,428","1,103","1,125","1,182","1,213","1,237","1,291","1,326","1,412","1,464","1,608","1,657","F","F","F","F","F","F","F","F","F","F","F","1,036","F","F","1,233","1,148","1,289","1,442","1,497","F","F","F","1,131","1,195","1,240","1,273","1,315","1,373","1,369","1,475","1,536","1,701","1,790","819","839","874","885","905","979","1,038","1,168","1,168","1,182","1,267","941","939","985","1,010","1,035","1,109","1,179","1,246","1,264","1,352","1,417","1,075","1,053","1,126","1,153","1,174","1,198","1,282","1,352","1,400","1,499","1,555"
"Ottawa-Gatineau, Ontario/Quebec","854","877","884","892","925","930","968","1,025","1,109","1,165","1,204","977","992","1,009","1,015","1,044","1,062","1,086","1,138","1,244","1,315","1,379","1,150","1,176","1,192","1,183","1,203","1,235","1,282","1,302","1,401","1,519","1,546","899","888","909","921","928","794","903","904","1,076","1,124","1,152","1,077","1,105","1,111","1,103","1,156","1,177","1,191","1,225","1,390","1,421","1,473","1,223","1,259","1,281","1,269","1,295","1,318","1,353","1,401","1,513","1,597","1,709","854","877","884","892","925","930","968","1,025","1,109","1,165","1,204","972","986","1,003","1,009","1,037","1,055","1,080","1,133","1,236","1,310","1,375","1,068","1,080","1,097","1,103","1,111","1,147","1,213","1,203","1,304","1,451","1,414"
"Ottawa-Gatineau, Ontario part, Ontario/Quebec","899","916","932","936","972","982","1,022","1,088","1,178","1,243","1,280","1,086","1,115","1,132","1,131","1,174","1,201","1,231","1,297","1,409","1,513","1,547","1,256","1,295","1,320","1,320","1,329","1,372","1,435","1,468","1,624","1,703","1,779","914","903","922","932","932","797","910","906","1,093","1,124","1,177","1,085","1,120","1,130","1,117","1,172","1,196","1,209","1,250","1,396","1,452","1,503","1,227","1,263","1,286","1,272","1,299","1,332","1,366","1,414","1,530","1,614","1,726","899","916","932","936","972","982","1,023","1,088","1,178","1,244","1,280","1,086","1,115","1,132","1,132","1,174","1,201","1,232","1,301","1,410","1,517","1,550","1,322","1,377","1,396","1,415","1,390","1,457","1,568","1,584","1,819","1,851","1,881"
"St. Catharines-Niagara, Ontario","699","718","733","744","765","801","822","871","914","958","1,011","832","861","872","890","907","957","992","1,035","1,091","1,141","1,191","921","948","993","981","1,006","1,053","1,141","1,137","1,206","1,305","1,266","F","F","F","F","F","F","F","F","F","F","F","789","805","860","841","831","892","970","967","986","1,340","993","903","934","947","911","958","954","1,142","1,082","1,216","1,407","1,285","699","718","733","745","765","802","822","871","914","958","1,012","833","862","872","892","909","958","993","1,036","1,093","1,137","1,192","926","953","1,012","1,014","1,026","1,105","1,141","1,159","1,201","1,260","1,255"
"St. Thomas, Ontario (Terminated)","..t","..t","..t","..t","..t","..t","..t","..t","..t","..t","..t","..t","..t","..t","..t","..t","..t","..t","..t","..t","..t","..t","..t","..t","..t","..t","..t","..t","..t","..t","..t","..t","..t","..t","..t","..t","..t","..t","..t","..t","..t","..t","..t","..t","..t","..t","..t","..t","..t","..t","..t","..t","..t","..t","..t","..t","..t","..t","..t","..t","..t","..t","..t","..t","..t","..t","..t","..t","..t","..t","..t","..t","..t","..t","..t","..t","..t","..t","..t","..t","..t","..t","..t","..t","..t","..t","..t","..t","..t","..t","..t","..t","..t","..t","..t","..t","..t","..t","..t"
"Toronto, Ontario","977","1,007","1,032","1,067","1,103","1,132","1,194","1,261","1,361","1,421","1,439","1,148","1,183","1,211","1,251","1,286","1,326","1,403","1,468","1,563","1,637","1,680","1,356","1,411","1,461","1,466","1,516","1,525","1,589","1,647","1,730","1,854","1,918","984","F","F","979","1,088","F","1,272","F","1,503","1,597","1,806","1,103","1,191","1,099","1,207","1,143","1,274","1,342","1,513","1,613","1,835","1,835","1,386","1,403","1,490","1,496","1,545","1,567","1,674","1,703","1,719","1,883","1,966","977","1,007","1,032","1,067","1,103","1,132","1,194","1,261","1,361","1,421","1,439","1,149","1,183","1,213","1,251","1,288","1,327","1,404","1,467","1,562","1,635","1,679","1,349","1,413","1,454","1,458","1,510","1,515","1,569","1,633","1,732","1,848","1,907"
"Trent Hills, Ontario","F","F","F","F","F","F","F","F","F","F","F","F","F","F","F","F","F","F","F","F","F","F","F","F","F","F","F","F","F","F","F","F","F","F","F","F","F","F","F","F","F","F","F","F","F","F","F","F","F","F","F","F","F","F","F","F","F","F","F","F","F","F","F","F","F","F","F","F","F","F","F","F","F","F","F","F","F","F","F","F","F","F","F","F","F","F","F","F","F","F","F","F","F","F","F","F","F","F","F"
"Windsor, Ontario","625","647","656","663","688","705","719","771","831","898","976","752","777","790","799","823","850","868","915","946","1,038","1,152","913","926","934","941","978","1,068","1,043","1,124","1,093","1,345","1,465","530","552","520","484","F","F","F","F","F","1,548","F","727","725","843","830","799","818","866","920","886","1,273","997","936","F","939","967","1,033","1,092","1,050","1,156","1,065","F","1,535","625","647","656","664","689","706","720","772","831","896","976","753","778","788","798","824","852","868","915","949","1,027","1,154","880","926","928","912","925","1,046","1,035","1,090","1,130","1,214","1,367"
"Winnipeg, Manitoba","677","704","750","782","813","836","880","920","958","991","1,030","874","909","967","1,015","1,043","1,066","1,107","1,180","1,224","1,264","1,318","1,023","1,069","1,179","1,188","1,231","1,280","1,350","1,420","1,506","1,565","1,618","F","628","720","773","803","817","868","1,047","1,093","1,069","1,127","811","803","863","957","954","897","1,112","1,220","1,276","1,366","1,405","971","1,126","1,177","1,184","1,232","1,237","1,308","1,390","1,468","1,552","1,600","678","704","750","782","813","836","880","920","957","991","1,030","875","911","969","1,016","1,045","1,068","1,107","1,179","1,223","1,262","1,317","1,050","1,027","1,180","1,191","1,230","1,327","1,390","1,446","1,543","1,578","1,634"
"Prince Albert, Saskatchewan","695","717","740","779","789","753","779","785","798","799","823","789","821","855","895","909","885","904","905","904","912","938","870","909","958","965","963","944","970","958","976","985","1,015","664","627","673","718","678","717","730","748","721","735","767","748","781","841","887","900","910","933","936","929","957","980","856","860","939","936","935","938","998","F","1,026","1,028","1,066","695","721","744","782","794","754","781","787","802","801","824","796","831","859","897","911","880","897","896","898","901","928","877","926","971","984","983","948","950","949","949","962","982"
"Regina, Saskatchewan","789","830","875","903","918","926","934","935","930","951","953","938","984","1,023","1,083","1,102","1,114","1,120","1,135","1,134","1,157","1,162","1,150","1,224","1,265","1,330","1,339","1,351","1,350","1,355","1,354","1,391","1,379","729","778","834","865","908","F","F","1,051","1,191","F","F","1,057","1,091","1,121","1,201","1,236","1,234","1,242","1,263","1,301","1,313","1,308","1,172","1,242","1,285","1,353","1,375","1,368","1,382","1,379","1,405","1,429","1,423","790","831","875","904","918","926","935","935","928","949","951","932","979","1,018","1,079","1,097","1,109","1,116","1,130","1,128","1,152","1,156","1,092","1,175","1,211","1,271","1,251","1,327","1,292","1,323","1,269","1,332","1,316"
"Saskatoon, Saskatchewan","787","815","845","884","894","908","896","911","930","957","971","966","1,002","1,041","1,090","1,088","1,101","1,084","1,112","1,130","1,167","1,186","1,149","1,134","1,184","1,238","1,216","1,271","1,221","1,263","1,317","1,326","1,351","775","746","F","F","F","F","F","F","F","F","1,292","981","1,000","1,039","1,066","1,106","1,117","1,145","1,171","1,168","1,182","1,255","1,225","1,244","1,276","1,331","1,352","1,358","1,374","1,384","1,378","1,393","1,425","787","815","845","884","895","909","896","912","930","957","967","966","1,002","1,041","1,091","1,087","1,100","1,082","1,110","1,129","1,166","1,183","1,075","1,057","1,114","1,172","1,135","1,223","1,129","1,195","1,280","1,287","1,311"
"Yorkton, Saskatchewan","641","679","717","751","776","795","817","809","826","847","857","747","793","841","891","903","913","924","925","936","944","971","824","856","898","919","991","1,056","1,068","1,074","1,075","1,102","1,131","475","498","510","560","F","723","F","671","659","669","699","744","791","868","948","937","937","938","940","951","949","961","924","912","933","936","933","959","963","963","972","977","981","648","685","724","758","783","798","818","817","837","857","867","749","793","832","869","890","904","918","919","931","942","975","800","844","891","915","1,002","1,078","1,092","1,104","1,103","1,127","1,157"
"Calgary, Alberta","899","957","1,039","1,133","1,121","1,049","1,024","1,049","1,079","1,086","1,111","1,078","1,144","1,217","1,311","1,319","1,242","1,235","1,262","1,295","1,320","1,350","1,116","1,150","1,212","1,300","1,331","1,296","1,305","1,317","1,343","1,392","1,431","826","879","979","1,030","1,007","904","915","900","933","1,001","992","1,031","1,105","1,169","1,230","1,227","1,126","1,136","1,168","1,202","1,287","1,307","1,149","1,198","1,258","1,332","1,367","1,329","1,353","1,380","1,422","1,470","1,507","899","958","1,040","1,134","1,122","1,050","1,025","1,050","1,080","1,087","1,111","1,084","1,150","1,224","1,322","1,332","1,258","1,247","1,272","1,305","1,323","1,355","1,077","1,096","1,162","1,262","1,286","1,258","1,254","1,244","1,255","1,296","1,347"
"Camrose, Alberta","637","658","695","744","772","847","808","830","827","859","864","799","812","851","899","954","991","937","984","982","1,003","1,024","820","844","863","925","958","1,053","984","1,049","975","1,055","1,052","500","534","F","F","F","F","F","F","F","F","F","719","719","771","848","927","983","975","994","965","973","995","799","808","820","873","935","1,084","F","1,088","F","F","F","641","662","698","749","777","849","811","830","827","865","875","813","829","867","910","961","993","924","981","989","1,014","1,035","833","871","894","964","976","1,020","1,006","1,016","987","1,007","1,095"
"Cold Lake, Alberta","995","1,114","1,305","1,509","883","804","794","931","956","883","783","1,172","1,295","1,477","1,695","1,037","1,008","948","997","1,042","1,024","1,008","1,284","1,422","1,749","1,899","1,157","1,192","1,019","1,059","1,062","1,076","1,115","F","F","F","F","F","F","F","F","F","F","F","F","F","F","F","F","F","F","F","F","F","F","1,303","1,460","1,736","1,941","1,163","1,211","1,019","1,074","1,072","1,088","1,131","1,006","1,133","1,306","1,517","884","804","794","933","957","882","782","1,162","1,278","1,475","1,703","1,049","991","954","990","1,037","1,016","1,001","1,163","1,213","1,823","1,489","1,119","1,067","1,015","985","1,013","996","1,045"
"Edmonton, Alberta","857","882","934","1,001","1,029","1,000","990","1,017","1,028","1,031","1,038","1,037","1,074","1,144","1,230","1,261","1,232","1,216","1,246","1,258","1,270","1,271","1,183","1,212","1,288","1,383","1,401","1,388","1,375","1,385","1,396","1,390","1,408","844","883","915","990","982","1,028","1,114","1,011","986","1,015","1,034","1,073","1,103","1,180","1,266","1,280","1,262","1,237","1,247","1,269","1,248","1,282","1,178","1,210","1,286","1,388","1,408","1,394","1,374","1,391","1,397","1,392","1,408","857","882","934","1,001","1,029","1,000","989","1,017","1,028","1,031","1,038","1,034","1,071","1,141","1,227","1,259","1,229","1,215","1,246","1,257","1,272","1,270","1,191","1,216","1,292","1,370","1,388","1,377","1,376","1,373","1,394","1,385","1,408"
"High River, Alberta","729","762","835","894","842","813","827","860","868","905","917","850","858","935","1,001","968","944","946","970","990","987","1,023","957","976","1,013","1,073","1,087","1,054","1,046","1,092","1,090","1,077","1,085","F","F","F","F","F","F","F","F","F","F","F","938","955","F","1,088","1,069","1,023","981","1,012","1,068","1,004","1,116","970","991","F","1,066","1,093","1,065","1,045","1,082","1,098","1,088","1,078","730","764","835","898","848","819","831","867","873","914","927","827","831","889","973","926","904","937","958","971","983","998","F","F","F","F","F","F","1,049","F","1,065","F","F"
"Red Deer, Alberta","694","734","795","841","868","846","839","859","862","848","851","827","867","943","977","1,036","1,009","1,007","1,021","1,030","1,022","1,023","949","1,009","1,117","1,149","1,149","1,095","1,084","1,113","1,139","1,165","1,159","608","651","723","751","779","734","698","758","704","727","870","840","868","973","1,027","1,035","973","982","963","993","953","986","955","1,017","1,125","1,156","1,150","1,098","1,082","1,114","1,135","1,165","1,158","696","736","796","842","870","848","841","861","864","850","850","823","867","937","966","1,036","1,016","1,011","1,032","1,037","1,034","1,030","916","961","1,057","1,097","1,138","1,069","1,100","1,108","1,160","1,167","1,164"
"Red Deer County, Alberta","F","F","F","F","F","F","F","F","F","F","F","F","F","F","F","F","F","F","F","1,275","1,218","1,222","F","F","F","F","F","F","F","F","F","F","F","F","F","F","F","F","F","F","F","F","F","F","F","F","F","F","F","F","F","F","F","F","F","F","F","F","F","F","F","F","F","F","F","F","F","F","F","F","F","F","F","F","F","F","F","F","F","F","F","F","F","F","F","F","F","F","F","F","F","F","F","F","F","F","F","F","F"
"Dawson Creek, British Columbia","733","760","798","819","887","830","859","853","827","818","836","974","1,048","1,107","1,136","1,122","1,051","1,089","1,097","1,085","1,063","1,035","1,079","1,242","1,199","1,237","1,281","1,192","1,207","1,227","1,233","1,224","1,247","F","F","F","F","F","F","F","F","F","F","F","1,016","1,172","1,204","1,185","1,186","1,058","1,144","1,179","1,187","1,159","1,151","1,077","1,243","1,210","1,277","1,302","1,207","1,235","1,265","1,246","1,230","1,254","734","761","799","820","887","830","858","852","826","817","836","961","1,015","1,085","1,120","1,102","1,049","1,072","1,072","1,055","1,026","1,000","1,087","1,240","1,146","1,093","1,207","1,137","1,110","1,093","1,176","1,167","1,186"
"Parksville, British Columbia","656","648","707","714","732","754","774","783","833","857","1,177","734","738","757","772","776","804","816","942","959","1,007","1,254","923","854","918","926","921","981","1,090","1,245","1,218","1,557","1,626","F","F","F","F","F","F","F","F","F","F","F","F","F","F","F","F","F","F","F","F","F","F","F","F","F","F","F","F","F","F","F","F","F","649","667","708","718","733","752","771","770","833","857","1,190","726","739","748","766","770","796","808","937","959","1,007","1,257","893","854","873","878","875","940","1,061","1,215","1,218","1,557","1,650"
"Prince Rupert, British Columbia","546","572","586","619","660","673","809","843","870","903","945","671","678","735","793","801","800","919","876","886","1,135","974","684","665","708","749","802","917","887","894","936","1,153","989","F","F","F","F","F","F","F","F","F","F","F","F","648","704","F","F","F","1,058","F","F","F","F","724","687","743","779","821","F","940","885","985","F","F","553","578","591","620","662","675","812","849","874","904","948","671","679","737","794","801","781","913","873","887","1,136","959","637","644","662","702","777","786","833","903","873","974","946"
"Squamish, British Columbia","767","714","717","731","939","883","1,036","1,143","1,128","1,260","1,335","843","800","823","829","985","1,003","1,170","1,248","1,221","1,620","1,720","922","890","918","916","1,145","1,121","1,327","1,443","1,642","1,919","1,969","F","F","F","F","F","F","F","F","F","F","F","F","F","F","F","F","F","F","F","F","F","F","871","871","905","904","F","1,161","1,198","F","F","1,333","1,411","767","714","717","731","939","883","1,036","1,143","1,128","1,260","1,335","846","798","815","823","976","980","1,161","1,219","1,189","1,636","1,721","F","F","F","F","F","F","1,479","F","F","2,287","2,380"
"Vancouver, British Columbia","964","982","1,005","1,038","1,079","1,159","1,223","1,306","1,382","1,415","1,434","1,243","1,267","1,287","1,317","1,375","1,459","1,558","1,652","1,752","1,799","1,830","1,445","1,471","1,514","1,530","1,605","1,656","1,756","1,845","1,990","2,078","2,211","973","888","945","958","1,000","1,132","1,189","1,239","1,346","1,356","1,376","1,420","1,452","1,459","1,488","1,600","1,718","1,718","1,756","1,881","2,106","2,048","1,424","1,461","1,530","1,518","1,594","1,684","1,706","1,755","1,907","1,940","2,020","964","982","1,005","1,038","1,079","1,159","1,223","1,307","1,382","1,415","1,434","1,237","1,261","1,281","1,311","1,368","1,450","1,552","1,649","1,748","1,792","1,824","1,463","1,480","1,498","1,542","1,615","1,631","1,801","1,921","2,063","2,206","2,326"
"Victoria, British Columbia","818","827","832","848","866","911","988","1,075","1,130","1,184","1,213","1,046","1,061","1,069","1,097","1,129","1,187","1,287","1,403","1,454","1,505","1,570","1,373","1,398","1,415","1,441","1,496","1,584","1,688","1,797","1,796","1,867","1,952","745","760","770","796","814","829","872","917","1,376","1,012","1,048","1,075","1,108","1,128","1,160","1,159","1,156","1,246","1,299","1,631","1,392","1,487","1,518","1,532","1,557","1,585","1,615","1,707","1,806","1,911","1,875","1,978","2,037","819","828","833","849","867","912","988","1,076","1,127","1,185","1,214","1,045","1,059","1,068","1,095","1,128","1,188","1,288","1,406","1,448","1,507","1,571","1,244","1,271","1,281","1,317","1,384","1,485","1,568","1,647","1,740","1,758","1,894"
"Whitehorse, Yukon","F","F","F","F","F","F","F","F","F","F","F","F","F","F","F","F","F","F","F","F","F","F","F","F","F","F","F","F","F","F","F","F","F","F","F","F","F","F","F","F","F","F","F","F","F","F","F","F","F","F","F","F","F","F","F","F","F","F","F","F","F","F","F","F","F","F","F","F","F","F","F","F","F","F","F","F","F","F","F","F","F","F","F","F","F","F","F","F","F","F","F","F","F","F","F","F","F","F","F"
"Yellowknife, Northwest Territories","1,343","1,405","1,413","1,394","1,408","1,401","1,453","1,451","1,517","1,530","1,564","1,561","1,623","1,654","1,677","1,692","1,637","1,697","1,695","1,744","1,766","1,802","1,799","1,841","1,860","1,922","1,997","1,968","2,019","2,082","2,155","2,161","2,211","F","F","F","F","F","F","F","F","F","F","F","F","1,313","1,470","1,490","1,522","F","F","F","F","F","F","1,864","1,903","1,900","1,969","2,031","2,015","2,052","2,141","2,229","2,249","2,302","1,344","1,406","1,413","1,394","1,408","1,401","1,453","1,451","1,517","1,530","1,564","1,566","1,641","1,664","1,686","1,700","1,636","1,699","1,697","1,747","1,769","1,806","1,699","1,765","1,788","1,836","1,941","1,902","1,964","1,993","2,052","2,050","2,095"

Symbol legend:
.., not available for a specific reference period
F, too unreliable to be published




Footnotes:
1,"Geographical areas modified every 5 years to reflect most recent census definitions, therefore, data are not strictly comparable historically."
2,"These data are obtained from Canada Mortgage and Housing Corporation (CMHC) and are provided subject to <a href="https://www.cmhc-schl.gc.ca/en/data-and-research/cmhc-licence-agreement-use-of-data" rel="external noopener noreferrer" target="_blank"> CMHC Licence Agreement for the Use of Data (opens new window)</a>."
3,"For additional information and definitions, refer to <a href=" https://www03.cmhc-schl.gc.ca/hmip-pimh/en/TableMapChart/ScsMasMethodology" rel="external noopener noreferrer" target="_blank"> CMHC Starts and Completions Survey Methodology and Definitions (opens new window)</a>."



"How to cite: Statistics Canada. Table 34-10-0133-01  Canada Mortgage and Housing Corporation, average rents for areas with a population of 10,000 and over"
https://www150.statcan.gc.ca/t1/tbl1/en/tv.action?pid=3410013301